WellName_,APINo,OtherID,OtherName,Operator,SpudDate,EndedDrill,WellType,Status,StatusDate,Field,State,PLSS_Merid,TWP,RGE,Section,SectionPar,LatDegree,LongDegree,SRS,LocationUn,DrillerTot_ft,DrillerTot_m,DepthRefer,Shape_1,TrueVertic_ft,TrueVertic_m,ElevationK_ft,ElevationK_m,ElevationG_ft,ElevationG_m,BitDiamete,BitDiame_1,DiameterUn,MaximumRecTemp_F,MaximumRecTemp_C,Measuremen,DepthOfMea_ft,DepthOfMea_m,Measurem_1,CasingLogg,DrillingFl,Salinity,Density,pH,Viscosity,FluidLoss,Well_Label,County,QUAD100K,QUAD24K
2,,,GW-057,Union Oil Company of California,6/11/1979,6/23/1979,"GeothermalEnergy,Temperature",Abandoned plugged,,Spring Butte,OR,Willamette,023S,011E,5,,43.605647,-121.432433,EPSG: 4326,"Locations are at least within a quarter/quarter/quarter of a section or 10 acres of a standard square mile. Locations have not been field checked.  Often, locations directly scribed from a map provided by the permit applicant",550,168,GL,vertical,,,,,4580,1396,10.75,1.25,in,339,171,Temperature Log. Static temperature traverse,3960,1207,Lithologic,,,,,,,,GW,Klamath,La PINE,Moffitt Butte
21S/11E-25BB,,,GP-016,Oregon Department of Geology and Mineral Industries,,,Temperature,Abandoned plugged,,Glass Buttes Area,OR,Willamette,021S,011E,25,,43.729747,-121.363564,EPSG: 4326,"Locations are at least within a quarter/quarter/quarter of a section or 10 acres of a standard square mile. Locations have not been field checked.  Often, locations directly scribed from a map provided by the permit applicant",115,35,,vertical,,,,,,,,,,,,,,,,,,,,,,,GPTG,Deschutes,La PINE,Paulina Peak
22S/14E-3AC,,,GP-016,Oregon Department of Geology and Mineral Industries,,,Temperature,Abandoned plugged,,Glass Buttes Area,OR,Willamette,022S,014E,3,,43.700031,-121.049169,EPSG: 4326,"Locations are at least within a quarter/quarter/quarter of a section or 10 acres of a standard square mile. Locations have not been field checked.  Often, locations directly scribed from a map provided by the permit applicant",250,76,,vertical,,,,,,,,,,,,,,,,,,,,,,,GPTG,Deschutes,La PINE,China Hat
3,,,GP-012,Phillips Petroleum Company,,,Temperature,Abandoned plugged,,Newberry Crater Area,OR,Willamette,020S,013E,17,,43.83824,-121.197601,EPSG: 4326,"Locations are at least within a quarter/quarter/quarter of a section or 10 acres of a standard square mile. Locations have not been field checked.  Often, locations directly scribed from a map provided by the permit applicant",60,18,,vertical,,,,,,,,,,,,,,,,,,,,,,,GP,Deschutes,La PINE,Fuzztail Butte
86-21,360170040,360170040,GW-179,CE Exploration,8/29/1995,10/29/1995,"GeothermalEnergy, exploration",Abandoned plugged,10/16/1999,Newberry KGRA,OR,Willamette,021S,12E,21,,43.735958,-121.289937,EPSG: 4326,"Locations are at least within a quarter/quarter/quarter of a section or 10 acres of a standard square mile. Locations have not been field checked.  Often, locations directly scribed from a map provided by the permit applicant",9200,2804,KB,vertical,,,6295,1919,6262,1909,30,9.625,in,530,277,"Equipment 8504, 5 hours, 1800 f/hr",9200,2804,Temperature Survey,,"Mud, LSND",150 ppm,8.9,10.5,40,10.5,GW,Deschutes,La PINE,Paulina Peak
Well RDO-1,3601790005,3601790005,GW-096,"Orvail Buckner Drilling, Inc.",9/16/1983,10/21/1983,"GeothermalEnergy,Temperature",Abandoned plugged,10/21/1983,Newberry Crater,OR,Willamette,021S,013E,31,,43.706274,-121.225283,EPSG: 4326,"Locations are at least within a quarter/quarter/quarter of a section or 10 acres of a standard square mile. Locations have not been field checked.  Often, locations directly scribed from a map provided by the permit applicant",1390,424,GL,vertical,,,,,6420,1957,10.75,4.5,in,316.9,158,Temperature Depth Log of the Sandia Lab well,1150,351,Temperature Depth Log,,,,,,,,GWTG,Deschutes,La PINE,East Lake
72-03,3601790006,3601790006,GW-097,"Santa Fe Geothermal, Inc. (Occidental Geothermal, Inc.)",10/4/1983,11/22/1983,"GeothermalEnergy,Temperature",Abandoned plugged,10/1/1985,Newberry Crater,OR,Willamette,021S,012E,3,,43.702596,-121.273767,EPSG: 4326,"Locations are at least within a quarter/quarter/quarter of a section or 10 acres of a standard square mile. Locations have not been field checked.  Often, locations directly scribed from a map provided by the permit applicant",3504,1068,GL,vertical,,,,,6400,1951,5.5,2.75,in,238,114,Sub-Surface Temperature Survey. Static temperature traverse,3504,1068,Sub-Surface Temperature Survey,,,,,,,,GW,Deschutes,La PINE,Paulina Peak
CE-NB-3,3601790009,3601790009,GW-127,"California Energy Company, Inc.",8/11/1986,10/29/1986,"GeothermalEnergy, exploration",Abandoned plugged,11/7/1988,G109,OR,Willamette,022S,013E,16,,43.669017,-121.187799,EPSG: 4326,"Locations are at least within a quarter/quarter/quarter of a section or 10 acres of a standard square mile. Locations have not been field checked.  Often, locations directly scribed from a map provided by the permit applicant",4348,1325,GL,vertical,,,,,6420,1957,8.625,5.5,in,192.7,89,Buckner air rotary rig,4348,1325,Sub-Surface Temperature Survey,,"Mud, air",,,,,,GW,Deschutes,La PINE,East Lake
GEO N-1,3601790013,3601790013,GW-118,Geo Operator Corp.,8/23/1985,11/1/1985,"GeothermalEnergy, exploration",Abandoned plugged,7/7/1987,Newberry Volcano,OR,Willamette,022S,012E,25,,43.638418,-121.242292,EPSG: 4326,"Locations are at least within a quarter/quarter/quarter of a section or 10 acres of a standard square mile. Locations have not been field checked.  Often, locations directly scribed from a map provided by the permit applicant",4550,1387,GL,vertical,,,,,5840,1780,4.5,1.5,in,208.2,98,Equipment 6406,4804,1464,Sub-Surface Temperature Survey,,Water,,,,,,GW,Deschutes,La PINE,East Lake
GEO N-2,3601790018,3601790018,GW-125,Geo Operator Corp.,8/15/1986,10/21/1986,"GeothermalEnergy, exploration",Abandoned plugged,7/7/1987,Newberry Volcano Flank,OR,Willamette,021S,012E,29,,43.726129,-121.313057,EPSG: 4326,"Locations are at least within a quarter/quarter/quarter of a section or 10 acres of a standard square mile. Locations have not been field checked.  Often, locations directly scribed from a map provided by the permit applicant",4387.5,1337,KB,vertical,,,5844,1781,5840,1780,4.5,,in,333,167,Equipment 68731,4387.5,1337,Temperature Gradient Core Hole Summary,,Gel,,,,40,,GW,Deschutes,La PINE,Paulina Peak
GEO N-3,3601790019,3601790019,GW-126,Geo Operator Corp.,6/2/1986,7/29/1986,"GeothermalEnergy, exploration",Abandoned plugged,7/7/1987,Newberry Volcano Flank,OR,Willamette,020S,012E,24,,43.830488,-121.245833,EPSG: 4326,"Locations are at least within a quarter/quarter/quarter of a section or 10 acres of a standard square mile. Locations have not been field checked.  Often, locations directly scribed from a map provided by the permit applicant",4002,1220,KB,vertical,,,5760,1756,5755,1754,4.5,3.5,in,130,54,Equipment 6406,4002,1220,Temperature Gradient Core Hole Summary,,"Mud, air",,,,,,GW,Deschutes,La PINE,Fuzztail Butte
CE-NB-4,3601790022,3601790022,GW-129,"California Energy Company, Inc.",8/20/1986,11/26/1986,"GeothermalEnergy, exploration",Abandoned plugged,10/29/1988,North of Newberry KGRA,OR,Willamette,021S,012E,4,,43.779324,-121.294549,EPSG: 4326,"Locations are at least within a quarter/quarter/quarter of a section or 10 acres of a standard square mile. Locations have not been field checked.  Often, locations directly scribed from a map provided by the permit applicant",4020,1225,GL,vertical,,,,,5780,1762,8.625,4.5,in,163.7,73,Buckner air rotary rig,3721,1134,Sub-Surface Temperature Survey,,"Mud, air",,,,,,GW,Deschutes,La PINE,Lava Cast Forest
GEO N-4,3601790023,3601790023,GW-131,Geo-Operator Corp.,7/24/1987,10/24/1987,"GeothermalEnergy,Temperature",Abandoned plugged,9/27/1988,Newberry Flank,OR,Willamette,021S,013E,21,,43.71153,-121.138153,EPSG: 4326,"Locations are at least within a quarter/quarter/quarter of a section or 10 acres of a standard square mile. Locations have not been field checked.  Often, locations directly scribed from a map provided by the permit applicant",2306,703,KB,vertical,,,6285,1916,6280,1914,8.625,2.1875,in,85.48,30,Temperature Depth Data. Geotech job no:2-87,2020,616,"Lithologic, Temperature and Depth, Geophysic Logs",,,,,,,,GWTG,Deschutes,La PINE,East Lake
GEO N-5,3601790024,3601790024,GW-132,Geo Operator Corp.,5/23/1987,8/3/1987,"GeothermalEnergy, exploration",Abandoned plugged,9/27/1988,Newberry Volcano Flank,OR,Willamette,022S,012E,8,,43.680721,-121.310146,EPSG: 4326,"Locations are at least within a quarter/quarter/quarter of a section or 10 acres of a standard square mile. Locations have not been field checked.  Often, locations directly scribed from a map provided by the permit applicant",3242,988,KB,vertical,,,5680,1731,5675,1730,4.5,,in,173,78,"Equipment HL 6406, Geotech Data",3224,983,Temperature Depth Data,,Water,,,,,,GW,Deschutes,La PINE,Paulina Peak
88-21 TCH,3601790035,3601790035,GW-174,CE Exploration,5/10/1995,7/20/1995,"GeothermalEnergy,Temperature",Abandoned plugged,9/10/2001,Newberry Crater,OR,Willamette,021S,012E,21,,43.733289,-121.290053,EPSG: 4326,"Locations are at least within a quarter/quarter/quarter of a section or 10 acres of a standard square mile. Locations have not been field checked.  Often, locations directly scribed from a map provided by the permit applicant",4876,1486,KB,vertical,4729,1441,6269,1911,6258,1907,10.75,3.5,in,410,210,Temperature Log. 2 inch Tubing String,4876,1486,"Lithologic, Temperature and Depth",,,,,,,,GW,Deschutes,La PINE,Paulina Peak
23-22,3601790039,3601790039,GW-178,CE Exploration,10/5/1995,12/10/1995,"GeothermalEnergy, exploration",Abandoned plugged,7/1/2002,Newberry KGRA,OR,Willamette,021S,012E,22,,43.742956,-121.287058,EPSG: 4326,"Locations are at least within a quarter/quarter/quarter of a section or 10 acres of a standard square mile. Locations have not been field checked.  Often, locations directly scribed from a map provided by the permit applicant",9602,2927,KB,vertical,8854.79,2699,6395,1949,6365,1940,30,9.625,in,561,294,"Equipment 51735, 20 hours",9602,2927,"Temperature/Pressure Survery, Solid Energy Services",,"Mud, Gel SP101",,9.2,10,45,8,GW,Deschutes,La PINE,Paulina Peak
5,,,GP-012,Phillips Petroleum Company,,,Temperature,Abandoned plugged,,Newberry Crater Area,OR,Willamette,021S,013E,6,,43.779608,-121.226043,EPSG: 4326,"Locations are at least within a quarter/quarter/quarter of a section or 10 acres of a standard square mile. Locations have not been field checked.  Often, locations directly scribed from a map provided by the permit applicant",105,32,,vertical,,,,,,,,,,,,,,,,,,,,,,,GP,Deschutes,La PINE,Fuzztail Butte
6,,,GP-012,Phillips Petroleum Company,,,Temperature,Abandoned plugged,,Newberry Crater Area,OR,Willamette,021S,013E,15,,43.749146,-121.152429,EPSG: 4326,"Locations are at least within a quarter/quarter/quarter of a section or 10 acres of a standard square mile. Locations have not been field checked.  Often, locations directly scribed from a map provided by the permit applicant",200,61,,vertical,,,,,,,,,,,,,,,,,,,,,,,GPTG,Deschutes,La PINE,East Lake
7,,,GP-012,Phillips Petroleum Company,,,Temperature,Abandoned plugged,,Newberry Crater Area,OR,Willamette,021S,014E,32,,43.714822,-121.083108,EPSG: 4326,"Locations are at least within a quarter/quarter/quarter of a section or 10 acres of a standard square mile. Locations have not been field checked.  Often, locations directly scribed from a map provided by the permit applicant",137,42,,vertical,,,,,,,,,,,,,,,,,,,,,,,GP,Deschutes,La PINE,China Hat
76-15 TCH,,,GW-175,CE Exploration,7/24/1995,11/22/1995,"GeothermalEnergy, exploration",Abandoned plugged,11/22/1995,Newberry KGRA,OR,Willamette,021S,012E,15,,43.754006,-121.273449,EPSG: 4326,"Locations are at least within a quarter/quarter/quarter of a section or 10 acres of a standard square mile. Locations have not been field checked.  Often, locations directly scribed from a map provided by the permit applicant",5360,1634,KB,vertical,5328.7,1624,6790,2070,6780,2067,10.75,4.5,in,260,127,"Rig Boart-Longyear 602, cable, rotary",5360,1634,Temperature Survey,,"Mud, air",,,,,,GW,Deschutes,La PINE,Lava Cast Forest
82-9,,,GP-092,Union Oil Company,,,Temperature,Abandoned plugged,,West Cascades,OR,Willamette,022S,013E,4,,43.692628,-121.188529,EPSG: 4326,"Locations are at least within a quarter/quarter/quarter of a section or 10 acres of a standard square mile. Locations have not been field checked.  Often, locations directly scribed from a map provided by the permit applicant",2000,610,,vertical,,,,,,,,,,,,,,,,,,,,,,,GP,Deschutes,La PINE,East Lake
82-10,,,GP-092,Union Oil Company,,,Temperature,Abandoned plugged,,West Cascades,OR,Willamette,022S,013E,26,,43.635726,-121.137391,EPSG: 4326,"Locations are at least within a quarter/quarter/quarter of a section or 10 acres of a standard square mile. Locations have not been field checked.  Often, locations directly scribed from a map provided by the permit applicant",2000,610,,vertical,,,,,,,,,,,,,,,,,,,,,,,GP,Deschutes,La PINE,East Lake
83-8,,,GP-094,Union Oil Company,,,Temperature,Abandoned plugged,,West Cascades,OR,Willamette,022S,012E,21,,43.65002,-121.29145,EPSG: 4326,"Locations are at least within a quarter/quarter/quarter of a section or 10 acres of a standard square mile. Locations have not been field checked.  Often, locations directly scribed from a map provided by the permit applicant",2000,610,,vertical,,,,,,,,,,,,,,,,,,,,,,,GP,Deschutes,La PINE,Paulina Peak
83-9,,,GP-094,Union Oil Company,,,Temperature,Abandoned plugged,,West Cascades,OR,Willamette,022S,012E,4,,43.69673,-121.300233,EPSG: 4326,"Locations are at least within a quarter/quarter/quarter of a section or 10 acres of a standard square mile. Locations have not been field checked.  Often, locations directly scribed from a map provided by the permit applicant",2000,610,,vertical,,,,,,,,,,,,,,,,,,,,,,,GP,Deschutes,La PINE,Paulina Peak
GATLEY,,,DESC-1413,,7/29/1992,7/31/1992,Water Well,Unknown,,,OR,Willamette,020S,011E,17,NW SW,43.840403,-121.443862,EPSG: 4326,Location of the well is within a quarter/quarter section or 40 acres of a standard square mile section,64,20,,vertical,,,,,,,,,,76,24,Temperature measured during drawdown with probe or mechanical thermomator,64,20,Drilling Log,,,,,,,,LT,Deschutes,La PINE,Anns Butte
U.S. FOREST SERVICE,,,DESC-7765,,9/16/1961,9/16/1961,Water Well,Unknown,,,OR,Willamette,021S,012E,36,,43.712978,-121.243363,EPSG: 4326,Location of the well is to within one acre,50,15,,vertical,,,,,,,,,,90,32,Temperature measured during drawdown with probe or mechanical thermomator,50,15,Drilling Log,,,,,,,,LT,Deschutes,La PINE,East Lake
U.S. DEPARTMENT OF AGRICULTURE,,,DESC-7777,,9/19/1956,9/21/1956,Water Well,Unknown,,,OR,Willamette,021S,013E,29,SE SE,43.723356,-121.194109,EPSG: 4326,Location of the well is within a quarter/quarter section or 40 acres of a standard square mile section,39,12,,vertical,,,,,,,,,,90,32,Temperature measured during drawdown with probe or mechanical thermomator,39,12,Drilling Log,,,,,,,,LT,Deschutes,La PINE,East Lake
U.S. FOREST SERVICE,,,DESC-7778,,9/13/1983,9/15/1983,Water Well,Unknown,,,OR,Willamette,021S,013E,31,SW SW,43.705646,-121.226731,EPSG: 4326,Location of the well is within a quarter/quarter section or 40 acres of a standard square mile section,100,30,,vertical,,,,,,,,,,74,23,Temperature measured during drawdown with probe or mechanical thermomator,100,30,Drilling Log,,,,,,,,LT,Deschutes,La PINE,East Lake
FRANTZ,,,DESC-9064,,1/3/1994,1/4/1994,Water Well,Unknown,,,OR,Willamette,021S,011E,32,NW SW,43.707776,-121.446856,EPSG: 4326,Location of the well is to within one acre,90,27,,vertical,,,,,,,,,,93,34,Temperature measured during drawdown with probe or mechanical thermomator,90,27,Drilling Log,,,,,,,,LT,Deschutes,La PINE,Finley Butte
Newberry Crater 1,,,GW-017,U.S. Geological Survey,6/1/1977,8/1/1977,"GeothermalEnergy,Temperature",Abandoned plugged,,Newberry Crater,OR,Willamette,021S,013E,15,,43.749888,-121.153129,EPSG: 4326,"Locations are at least within a quarter/quarter/quarter of a section or 10 acres of a standard square mile. Locations have not been field checked.  Often, locations directly scribed from a map provided by the permit applicant",1266,386,,vertical,,,,,,,4,,in,,,,,,,,,,,,,,GW,Deschutes,La PINE,East Lake
Newberry Crater 2 Deepening,,,GW-045,U.S. Geological Survey,9/12/1978,9/18/1981,"GeothermalEnergy,Temperature",Abandoned plugged,10/5/1981,Newberry Crater,OR,Willamette,021S,013E,31,,43.706119,-121.227193,EPSG: 4326,"Locations are at least within a quarter/quarter/quarter of a section or 10 acres of a standard square mile. Locations have not been field checked.  Often, locations directly scribed from a map provided by the permit applicant",3057,932,,vertical,,,,,,,10.75,2.875,in,,,,,,,,,,,,,,GW,Deschutes,La PINE,East Lake
