WellID,From_m,To_m,Lithology
NWG 55-29,0.0,39.62206644,Debris Flow
NWG 55-29,39.62206644,56.69003353,Debris Flow
NWG 55-29,56.69003353,57.90917403,Debris Flow
NWG 55-29,57.90917403,73.14843036,Debris Flow
NWG 55-29,73.14843036,89.60682719,Basalt
NWG 55-29,89.60682719,97.53124048,Basalt
NWG 55-29,97.53124048,118.8661993,Basalt
NWG 55-29,118.8661993,129.5336788,Basalt
NWG 55-29,129.5336788,158.4882658,Basaltic Andesite
NWG 55-29,158.4882658,178.299299,Basaltic Andesite
NWG 55-29,178.299299,204.2060347,Basaltic Andesite
NWG 55-29,204.2060347,211.8256629,Basaltic Andesite
NWG 55-29,211.8256629,219.4452911,Dacite
NWG 55-29,219.4452911,262.1152088,Basaltic Andesite
NWG 55-29,262.1152088,269.7348369,Basaltic Andesite
NWG 55-29,269.7348369,291.0697958,Rhyodacite
NWG 55-29,291.0697958,304.7851265,Obsidian
NWG 55-29,304.7851265,324.5961597,Tuff
NWG 55-29,324.5961597,338.3114904,Tuff
NWG 55-29,338.3114904,344.4071929,Tuff
NWG 55-29,344.4071929,361.1703749,Tuff
NWG 55-29,361.1703749,384.0292594,Tuff
NWG 55-29,384.0292594,400.7924413,Basaltic Andesite
NWG 55-29,400.7924413,423.6513258,Rhyolite
NWG 55-29,423.6513258,446.5102103,Rhyolite
NWG 55-29,446.5102103,455.6537641,Rhyolite
NWG 55-29,455.6537641,466.3212435,Rhyolite
NWG 55-29,466.3212435,484.6083511,Rhyodacite
NWG 55-29,484.6083511,508.9911612,Tuff
NWG 55-29,508.9911612,525.7543432,Basalt
NWG 55-29,525.7543432,548.6132277,Andesite
NWG 55-29,548.6132277,562.3285584,Basaltic Andesite
NWG 55-29,562.3285584,579.0917403,Tuff
NWG 55-29,579.0917403,608.0463273,Andesite
NWG 55-29,608.0463273,630.9052118,Basaltic Andesite
NWG 55-29,630.9052118,640.0487656,Rhyolite
NWG 55-29,640.0487656,664.4315757,Debris Flow
NWG 55-29,664.4315757,678.1469064,Basaltic Andesite
NWG 55-29,678.1469064,696.434014,Dacite
NWG 55-29,696.434014,723.8646754,Debris Flow
NWG 55-29,723.8646754,754.3431881,Kaolinite
NWG 55-29,754.3431881,775.6781469,Debris Flow
NWG 55-29,775.6781469,787.869552,Andesite
NWG 55-29,787.869552,800.060957,Andesite
NWG 55-29,800.060957,838.1590978,Debris Flow
NWG 55-29,838.1590978,870.1615361,Basaltic Andesite
NWG 55-29,870.1615361,900.6400488,Basaltic Andesite
NWG 55-29,900.6400488,918.9271564,Basaltic Andesite
NWG 55-29,918.9271564,955.5013715,Basaltic Andesite
NWG 55-29,955.5013715,990.5516611,Rhyolite
NWG 55-29,990.5516611,1008.838769,Andesite
NWG 55-29,1008.838769,1027.125876,Rhyoldacite
NWG 55-29,1027.125876,1036.26943,Tuff
NWG 55-29,1036.26943,1039.317281,Tuff
NWG 55-29,1039.317281,1054.556538,Basaltic Andesite
NWG 55-29,1054.556538,1081.987199,Rhyolite
NWG 55-29,1081.987199,1095.70253,Obsidian
NWG 55-29,1095.70253,1100.274307,Rhyodacite
NWG 55-29,1100.274307,1132.276745,Rhyodacite
NWG 55-29,1132.276745,1162.755258,Tuff
NWG 55-29,1162.755258,1211.520878,Tuff
NWG 55-29,1211.520878,1225.236208,Tuff
NWG 55-29,1225.236208,1234.379762,Tuff
NWG 55-29,1234.379762,1252.66687,Basaltic Andesite
NWG 55-29,1252.66687,1266.382201,Basaltic Andesite
NWG 55-29,1266.382201,1269.0,Debris Flow
NWG 55-29,1269.0,1296.860713,Dacite
NWG 55-29,1296.860713,1316.671746,Dacite
NWG 55-29,1269.430052,1316.671746,Dacite
NWG 55-29,1316.671746,1341.054557,Rhyolite
NWG 55-29,1341.054557,1344.102408,Andesite
NWG 55-29,1344.102408,1348.674185,Andesite
NWG 55-29,1348.674185,1363.913441,Tuff
NWG 55-29,1363.913441,1379.152697,Tuff
NWG 55-29,1379.152697,1389.820177,Basaltic Andesite
NWG 55-29,1389.820177,1412.679061,Andesite
NWG 55-29,1412.679061,1446.205425,Andesite
NWG 55-29,1446.205425,1467.540384,Andesite
NWG 55-29,1467.540384,1484.303566,Andesite
NWG 55-29,1484.303566,1502.590674,Rhyolite
NWG 55-29,1502.590674,1513.258153,Rhyolite
NWG 55-29,1513.258153,1516.306004,Rhyolite
NWG 55-29,1516.306004,1533.069186,Rhyolite
NWG 55-29,1533.069186,1569.643401,Rhyolite
NWG 55-29,1569.643401,1587.930509,Rhyolite
NWG 55-29,1587.930509,1603.169765,Rhyolite
NWG 55-29,1603.169765,1619.932947,Basaltic Andesite
NWG 55-29,1619.932947,1633.648278,Tuff
NWG 55-29,1633.648278,1642.791832,Andesite
NWG 55-29,1642.791832,1665.650716,Tuff
NWG 55-29,1665.650716,1680.889973,Tuff
NWG 55-29,1680.889973,1694.605303,Tuff
NWG 55-29,1694.605303,1705.272783,Andestie
NWG 55-29,1705.272783,1720.512039,Rhyolite
NWG 55-29,1720.512039,1694.605303,Andesite
NWG 55-29,1694.605303,1740.323072,Andesite
NWG 55-29,1740.323072,1757.086254,Andesite
NWG 55-29,1757.086254,1769.277659,Andesite
NWG 55-29,1769.277659,1802.804023,Andesite
NWG 55-29,1802.804023,1814.995428,Basaltic Andesite
NWG 55-29,1814.995428,1827.186833,Basaltic Andesite
NWG 55-29,1827.186833,1831.75861,Basaltic Andesite
NWG 55-29,1831.75861,1848.521792,Andesite
NWG 55-29,1848.521792,1897.287412,Basalt
NWG 55-29,1885.096007,1882.048156,Basalt
NWG 55-29,1882.048156,1897.287412,Basalt
NWG 55-29,1897.287412,1920.146297,Tuff
NWG 55-29,1920.146297,1933.861628,Tuff
NWG 55-29,1933.861628,1952.148735,Tuff
NWG 55-29,1952.148735,1981.103322,Tuff
NWG 55-29,1981.103322,1994.818653,Andesite
NWG 55-29,1994.818653,2019.201463,Andesite
NWG 55-29,2019.201463,2042.060347,Tuff
NWG 55-29,2042.060347,2066.443158,Tuff
NWG 55-29,2066.443158,2089.302042,Dacite
NWG 55-29,2089.302042,2103.017373,Basalt
NWG 55-29,2103.017373,2128.924109,Tuff
NWG 55-29,2128.924109,2142.639439,Andesite
NWG 55-29,2142.639439,2156.35477,Tuff
NWG 55-29,2156.35477,2186.833283,Tuff
NWG 55-29,2186.833283,2206.644316,Dacite
NWG 55-29,2206.644316,2215.78787,Dacite
NWG 55-29,2215.78787,2240.17068,Tuff
NWG 55-29,2240.17068,2253.88601,Rhyodacite
NWG 55-29,2253.88601,2261.505639,Tuff
NWG 55-29,2261.505639,2278.26882,Tuff
NWG 55-29,2278.26882,2285.888449,Andesite
NWG 55-29,2285.888449,2307.223407,Dacite
NWG 55-29,2307.223407,2340.749771,Tuff
NWG 55-29,2340.749771,2360.560805,Basaltic Andesite
NWG 55-29,2360.560805,2369.704358,Tuff
NWG 55-29,2369.704358,2391.039317,Tuff
NWG 55-29,2391.039317,2403.230722,Tuff
NWG 55-29,2403.230722,2421.51783,Andesite
NWG 55-29,2421.51783,2436.757086,Dacite
NWG 55-29,2436.757086,2450.472417,Andesite
NWG 55-29,2450.472417,2464.187748,Dacite
NWG 55-29,2464.187748,2482.474855,Andesite
NWG 55-29,2482.474855,2512.953368,Tuff
NWG 55-29,2512.953368,2526.668699,Felsic Dike
NWG 55-29,2526.668699,2544.955806,Basalt
NWG 55-29,2544.955806,2555.623286,Andesite
NWG 55-29,2555.623286,2563.242914,Felsic Dike
NWG 55-29,2563.242914,2583.053947,Basaltic Andesite
NWG 55-29,2583.053947,2602.86498,Felsic Dike
NWG 55-29,2602.86498,2604.388906,Felsic Dike
NWG 55-29,2604.388906,2633.343493,Basalt
NWG 55-29,2633.343493,2654.678452,Granodiorite
NWG 55-29,2654.678452,2666.869857,Granodiorite
NWG 55-29,2666.869857,2703.444072,Granodiorite
NWG 55-29,2703.444072,2726.302956,Basalt
NWG 55-29,2726.302956,2735.44651,Felsic Intrusive
NWG 55-29,2735.44651,2752.209692,Basaltic Andesite
NWG 55-29,2752.209692,2764.401097,Felsic Intrusive
NWG 55-29,2764.401097,2773.544651,Felsic Intrusive
NWG 55-29,2773.544651,2805.547089,Granodiorite
NWG 55-29,2805.547089,2814.690643,Basalt
NWG 55-29,2814.690643,2822.310271,Basalt
NWG 55-29,2822.310271,2839.073453,Granodiorite
NWG 55-29,2839.073453,2868.02804,Granodiorite
NWG 55-29,2868.02804,2880.219445,Basalt
NWG 55-29,2880.219445,2890.886925,Basalt
NWG 55-29,2890.886925,2906.126181,Granodiorite
NWG 55-29,2906.126181,2928.985066,Basalt
NWG 55-29,2928.985066,2938.128619,Basalt
NWG 55-29,2938.128619,2954.891801,Basalt
NWG 55-29,2954.891801,2968.607132,Felsic Dike
NWG 55-29,2968.607132,2980.798537,Basalt
NWG 55-29,2980.798537,3005.181347,Basalt
NWG 55-29,3005.181347,3021.944529,Basalt
NWG 55-29,3021.944529,3044.803414,Basalt
NWG 55-29,3044.803414,3060.04267,Felsic Dike
NWG 55-29,3060.04267,3066.138372,Granodiorite
