WellID,Measured_Depth_m,dip,Azimuth,Inclination
NWG 55-29,0.0,90.0,0.0,0.0
NWG 55-29,66.7479427,89.9,12.5,0.1
NWG 55-29,129.5336788,88.8,131.5,1.2
NWG 55-29,281.926242,87.4,85.8,2.6
NWG 55-29,304.7851265,87.5,85.0,2.5
NWG 55-29,371.2282841,87.17,76.4,2.83
NWG 55-29,423.6513258,87.1,72.9,2.9
NWG 55-29,452.3011277,87.12,73.9,2.88
NWG 55-29,481.2557147,87.23,87.5,2.77
NWG 55-29,500.4571777,87.09,83.5,2.91
NWG 55-29,539.4696739,87.17,77.5,2.83
NWG 55-29,568.1194758,87.6,89.3,2.4
NWG 55-29,597.3788479,87.67,81.1,2.33
NWG 55-29,624.8095093,86.55,93.9,3.45
NWG 55-29,683.0234685,85.07,88.1,4.93
NWG 55-29,711.3684852,83.87,99.6,6.13
NWG 55-29,740.3230722,83.86,105.1,6.14
NWG 55-29,768.9728741,83.05,107.0,6.95
NWG 55-29,797.622676,82.17,99.4,7.83
NWG 55-29,825.9676928,81.02,97.8,8.98
NWG 55-29,854.3127095,79.82,92.0,10.18
NWG 55-29,883.2672966,79.14,93.1,10.86
NWG 55-29,911.9170984,78.96000000000001,90.8,11.04
NWG 55-29,952.1487351,78.46000000000001,88.5,11.54
NWG 55-29,968.607132,77.74,89.9,12.26
NWG 55-29,996.9521487,77.95,93.0,12.05
NWG 55-29,1025.906736,77.73,89.5,12.27
NWG 55-29,1054.556538,77.14,87.8,12.86
NWG 55-29,1082.901554,76.86,90.1,13.14
NWG 55-29,1112.160927,76.56,97.2,13.44
NWG 55-29,1140.810728,76.78999999999999,90.8,13.21
NWG 55-29,1169.765315,76.57,88.2,13.43
NWG 55-29,1198.415117,77.1,83.4,12.9
NWG 55-29,1244.132886,77.57,85.6,12.43
NWG 55-29,1256.629077,78.96000000000001,84.7,11.04
NWG 55-29,1285.583664,79.78,83.7,10.22
NWG 55-29,1314.843036,79.77,83.3,10.23
NWG 55-29,1376.714416,80.35,74.3,9.65
NWG 55-29,1405.364218,79.93,84.5,10.07
NWG 55-29,1434.62359,79.66,84.0,10.34
NWG 55-29,1462.359037,79.33,86.8,10.67
NWG 55-29,1491.008839,79.09,86.0,10.91
NWG 55-29,1520.572996,79.24,85.7,10.76
NWG 55-29,1549.527583,78.5,85.2,11.5
NWG 55-29,1578.48217,78.03,87.5,11.97
NWG 55-29,1617.189881,77.22,87.4,12.78
NWG 55-29,1655.897592,76.86,90.2,13.14
NWG 55-29,1694.300518,76.39,92.9,13.61
NWG 55-29,1717.768973,75.7,92.6,14.3
NWG 55-29,1746.72356,75.75,94.5,14.25
NWG 55-29,1775.678147,75.93,87.6,14.07
NWG 55-29,1804.632734,76.4,91.8,13.6
NWG 55-29,1833.587321,76.44,92.4,13.56
NWG 55-29,1862.846693,76.46000000000001,85.4,13.54
NWG 55-29,1892.106065,76.74,88.1,13.26
NWG 55-29,1921.060652,76.81,88.9,13.19
NWG 55-29,1949.100884,77.27,87.3,12.73
NWG 55-29,2006.400488,78.22,90.1,11.78
NWG 55-29,2034.745504,78.14,87.2,11.86
NWG 55-29,2063.395306,78.19,88.4,11.81
NWG 55-29,2091.740323,78.23,89.6,11.77
NWG 55-29,2120.390125,77.4,85.9,12.6
NWG 55-29,2129.838464,76.77,82.7,13.23
NWG 55-29,2149.039927,76.85,82.7,13.15
NWG 55-29,2186.833283,77.6,90.6,12.4
NWG 55-29,2215.483084,77.82,91.6,12.18
NWG 55-29,2244.132886,77.55,87.1,12.45
NWG 55-29,2273.392258,77.43,90.6,12.57
NWG 55-29,2330.996647,77.81,96.2,12.19
NWG 55-29,2359.646449,77.72,96.1,12.28
NWG 55-29,2388.905821,77.34,92.9,12.66
NWG 55-29,2417.555623,77.48,89.3,12.52
NWG 55-29,2446.51021,77.55,89.8,12.45
NWG 55-29,2475.160012,77.59,90.0,12.41
NWG 55-29,2504.114599,77.83,89.3,12.17
NWG 55-29,2538.555319,77.1,84.4,12.9
NWG 55-29,2577.567815,77.42,81.8,12.58
NWG 55-29,2606.522402,78.18,81.9,11.82
NWG 55-29,2635.476989,78.73,86.7,11.27
NWG 55-29,2664.736361,78.64,87.3,11.36
NWG 55-29,2693.690948,78.71000000000001,90.3,11.29
NWG 55-29,2722.645535,78.82,91.7,11.18
NWG 55-29,2751.904907,79.31,95.5,10.69
NWG 55-29,2753.733618,79.62,91.8,10.38
NWG 55-29,2776.287717,79.05,93.5,10.95
NWG 55-29,2817.433709,75.98,106.2,14.02
NWG 55-29,2846.693081,75.57,106.1,14.43
NWG 55-29,2875.342883,72.82,113.5,17.18
NWG 55-29,2933.252057,71.83,108.2,18.17
NWG 55-29,2937.519049,73.05,106.9,16.95
NWG 55-29,2955.501372,72.77,104.5,17.23
NWG 55-29,2975.00762,72.56,106.1,17.44
NWG 55-29,2995.428223,71.86,106.1,18.14
NWG 55-29,3014.020116,70.83,109.4,19.17
NWG 55-29,3032.612009,70.03999999999999,108.4,19.96
NWG 55-29,3066.138372,70.03999999999999,108.4,19.96
N-1,0.0,90.0,0.0,0.0
N-1,1225.0,90.0,0.0,0.0
N-2,0.0,90.0,0.0,0.0
N-2,1337.0,90.0,0.0,0.0
N-3,0.0,90.0,0.0,0.0
N-3,1220.0,90.0,0.0,0.0
N-4,0.0,90.0,0.0,0.0
N-4,615.0,90.0,0.0,0.0
N-5,0.0,90.0,0.0,0.0
N-5,965.0,90.0,0.0,0.0
TG17N,0.0,90.0,0.0,0.0
TG17N,225.0,90.0,0.0,0.0
TG19N,0.0,90.0,0.0,0.0
TG19N,215.0,90.0,0.0,0.0
TG32S,0.0,90.0,0.0,0.0
TG32S,225.0,90.0,0.0,0.0
TG5S,0.0,90.0,0.0,0.0
TG5S,210.0,90.0,0.0,0.0
TG16S,0.0,90.0,0.0,0.0
TG16S,210.0,90.0,0.0,0.0
TG19S,0.0,90.0,0.0,0.0
TG19S,217.0,90.0,0.0,0.0
USGS 2,0.0,90.0,0.0,0.0
USGS 2,931.0,90.0,0.0,0.0
86-21,0.0,90.0,0.0,0.0
86-21,2804.0,90.0,0.0,0.0
Well RDO-1,0.0,90.0,0.0,0.0
Well RDO-1,424.0,90.0,0.0,0.0
72-03,0.0,90.0,0.0,0.0
72-03,1068.0,90.0,0.0,0.0
CE-NB-3,0.0,90.0,0.0,0.0
CE-NB-3,1325.0,90.0,0.0,0.0
GEO N-1,0.0,90.0,0.0,0.0
GEO N-1,1387.0,90.0,0.0,0.0
GEO N-2,0.0,90.0,0.0,0.0
GEO N-2,1337.0,90.0,0.0,0.0
GEO N-3,0.0,90.0,0.0,0.0
GEO N-3,1220.0,90.0,0.0,0.0
CE-NB-4,0.0,90.0,0.0,0.0
CE-NB-4,1232.0,90.0,0.0,0.0
GEO N-4,0.0,90.0,0.0,0.0
GEO N-4,703.0,90.0,0.0,0.0
GEO N-5,0.0,90.0,0.0,0.0
GEO N-5,988.0,90.0,0.0,0.0
88-21 TCH,0.0,90.0,0.0,0.0
88-21 TCH,1486.0,90.0,0.0,0.0
Santa Fe 72-03,0.0,90.0,0.0,0.0
Santa Fe 72-03,1204.0,90.0,0.0,0.0
76-15 TCH,0.0,90.0,0.0,0.0
76-15 TCH,1634.0,90.0,0.0,0.0
GATLEY,0.0,90.0,0.0,0.0
GATLEY,20.0,90.0,0.0,0.0
USFS 1,0.0,90.0,0.0,0.0
USFS 1,15.0,90.0,0.0,0.0
U.S. DEPARTMENT OF AGRICULTURE,0.0,90.0,0.0,0.0
U.S. DEPARTMENT OF AGRICULTURE,12.0,90.0,0.0,0.0
Santa Fe NC-01,0.0,90.0,0.0,0.0
Santa Fe NC-01,1219.2,90.0,0.0,0.0
FRANTZ,0.0,90.0,0.0,0.0
FRANTZ,27.0,90.0,0.0,0.0
fake_1,0.0,90.0,0.0,0.0
fake_1,10000.0,90.0,0.0,0.0
fake_2,0.0,90.0,0.0,0.0
fake_2,10000.0,90.0,0.0,0.0
fake_3,0.0,90.0,0.0,0.0
fake_3,10000.0,90.0,0.0,0.0
fake_4,0.0,90.0,0.0,0.0
fake_4,10000.0,90.0,0.0,0.0
88-21,0.0,90.0,0.0,0.0
88-21,159.7171422,90.0,177.5,0.0
88-21,184.1014387,90.0,128.0,0.0
88-21,196.2935869,90.0,107.0,0.0
88-21,213.3625945,90.0,81.37,0.0
88-21,226.7739576,90.0,72.5,0.0
88-21,243.8429651,90.0,83.7,0.0
88-21,263.3504023,90.0,90.5,0.0
88-21,281.6386247,90.0,97.5,0.0
88-21,299.9268471,90.0,97.5,0.0
88-21,318.2150695,90.0,91.5,0.0
88-21,335.2840771,90.0,87.9,0.0
88-21,354.7915143,90.0,88.5,0.0
88-21,396.2448183,89.0,90.18,1.0
88-21,731.5288954,83.0,83.26,7.0
88-21,822.9700073,85.0,84.92,5.0
88-21,947.3299195,82.0,81.5,8.0
88-21,1031.760546,76.0,76.23,14.0
88-21,1097.293343,77.0,77.17,13.0
88-21,1282.613997,73.0,73.0,17.0
88-21,1402.09705,76.0,76.02,14.0
88-21,1486.222872,73.0,73.0,17.0
76-15,0.0,90.0,0.0,0.0
76-15,165.8132163,89.0,308.0,1.0
76-15,201.1704462,88.5,291.0,1.5
76-15,245.06218,87.75,288.0,2.25
76-15,274.9329432,87.25,292.0,2.75
76-15,307.2421361,87.25,295.0,2.75
76-15,337.417703,87.5,285.0,2.5
76-15,368.2028773,87.25,279.0,2.75
76-15,397.4640332,87.75,286.0,2.25
76-15,429.1636186,87.5,281.0,2.5
76-15,462.6920263,87.75,281.0,2.25
76-15,490.1243599,87.0,281.0,3.0
76-15,519.9951231,87.25,276.0,2.75
76-15,550.7802975,86.75,275.0,3.25
76-15,581.2606681,86.75,281.0,3.25
76-15,612.6554499,86.5,276.0,3.5
76-15,640.6973909,87.0,273.0,3.0
76-15,671.1777615,87.0,273.0,3.0
76-15,702.2677396,87.25,273.0,2.75
76-15,731.5288954,87.25,274.0,2.75
76-15,764.4476957,87.25,278.0,2.75
76-15,793.4040478,88.0,274.0,2.0
76-15,828.456474,87.5,273.0,2.5
76-15,868.0809559,87.75,267.0,2.25
76-15,895.5132894,87.75,251.0,2.25
76-15,922.3360156,88.0,252.0,2.0
76-15,946.7203121,88.0,251.0,2.0
76-15,950.3779566,88.0,242.0,2.0
76-15,956.4740307,88.75,222.0,1.25
76-15,962.5701049,89.5,87.0,0.5
76-15,968.666179,88.5,90.0,1.5
76-15,974.7622531,87.25,82.0,2.75
76-15,986.9544014,86.5,88.0,3.5
76-15,993.0504755,85.5,91.0,4.5
76-15,999.1465496,84.5,94.0,5.5
76-15,1005.242624,84.0,100.0,6.0
76-15,1014.386735,83.75,112.0,6.25
76-15,1020.482809,83.5,119.0,6.5
76-15,1026.578883,82.75,125.0,7.25
76-15,1034.808583,83.25,123.0,6.75
76-15,1042.428676,83.0,127.0,7.0
76-15,1069.251402,82.0,132.0,8.0
76-15,1103.084614,82.5,139.0,7.5
76-15,1133.564984,82.0,144.0,8.0
76-15,1164.045355,81.5,146.0,8.5
76-15,1194.525725,80.75,140.0,9.25
76-15,1225.006096,80.75,147.0,9.25
76-15,1257.924896,80.25,149.0,9.75
76-15,1289.014874,80.0,147.0,10.0
76-15,1325.591319,79.75,146.0,10.25
76-15,1355.157279,79.5,147.0,10.5
76-15,1385.028042,80.0,142.0,10.0
76-15,1417.337235,79.75,141.0,10.25
76-15,1633.747866,80.75,136.0,9.25
46-16,0.0,90.0,0.0,0.0
46-16,3535.418191,90.0,0.0,0.0
23-22,0.0,90.0,0.0,0.0
23-22,95.0987564,88.25,20.0,1.75
23-22,170.0804682,88.5,342.0,1.5
23-22,234.0892465,87.5,345.0,2.5
23-22,270.6656913,87.5,322.0,2.5
23-22,282.8578396,86.25,332.0,3.75
23-22,292.0019507,86.0,340.0,4.0
23-22,301.7556693,86.0,355.0,4.0
23-22,310.8997805,85.75,15.0,4.25
23-22,320.3486954,85.75,27.0,4.25
23-22,330.4072178,85.5,37.0,4.5
23-22,340.1609364,85.5,46.0,4.5
23-22,349.6098513,85.5,60.0,4.5
23-22,359.3635699,85.5,81.0,4.5
23-22,368.8124848,84.5,89.0,5.5
23-22,378.2613997,83.5,90.0,6.5
23-22,388.0151183,82.75,93.0,7.25
23-22,397.7688369,82.25,100.0,7.75
23-22,428.5540112,80.5,110.0,9.5
23-22,467.8736893,80.0,114.0,10.0
23-22,495.9156303,80.5,116.0,9.5
23-22,532.4920751,80.0,114.0,10.0
23-22,562.9724457,80.5,117.0,9.5
23-22,591.9287979,80.25,120.0,9.75
23-22,620.2755426,80.75,121.0,9.25
23-22,658.3760059,80.5,122.0,9.5
23-22,697.3908803,81.5,124.0,8.5
23-22,735.7961473,81.5,119.0,8.5
23-22,773.8966106,82.25,119.0,7.75
23-22,802.2433553,82.5,120.0,7.5
23-22,819.6171665,81.75,120.0,8.25
23-22,829.0660814,82.25,119.0,7.75
23-22,838.8198,82.0,112.0,8.0
23-22,868.995367,81.75,104.0,8.25
23-22,888.1980005,81.5,98.0,8.5
23-22,913.4967081,81.0,104.0,9.0
23-22,926.2984638,80.75,104.0,9.25
23-22,948.8539381,80.0,102.0,10.0
23-22,983.9063643,80.75,104.0,9.25
23-22,1012.862716,80.75,108.0,9.25
23-22,1050.96318,81.25,111.0,8.75
23-22,1089.063643,81.25,111.0,8.75
23-22,1127.164106,81.25,113.0,8.75
23-22,1127.46891,81.25,113.0,8.75
23-22,1165.569373,81.5,111.0,8.5
23-22,1203.97464,81.75,108.0,8.25
23-22,1242.379907,82.25,115.0,7.75
23-22,1271.945867,82.0,115.0,8.0
23-22,1300.597415,81.75,117.0,8.25
23-22,1329.248964,81.75,117.0,8.25
23-22,1384.113631,80.0,123.0,10.0
23-22,1412.460376,78.75,127.0,11.25
23-22,1425.871739,77.75,123.0,12.25
23-22,1435.625457,77.25,120.0,12.75
23-22,1445.379176,76.5,117.0,13.5
23-22,1454.828091,76.5,112.0,13.5
23-22,1464.277006,76.25,107.0,13.75
23-22,1500.243843,73.0,107.0,17.0
23-22,1529.200195,71.5,102.0,18.5
23-22,1557.851743,69.0,107.0,21.0
23-22,1586.503292,67.5,103.0,22.5
23-22,1615.15484,65.75,106.0,24.25
23-22,1643.806389,63.0,104.0,27.0
23-22,1682.516459,62.0,103.0,28.0
23-22,1720.921726,62.0,103.0,28.0
23-22,1760.241405,62.0,106.0,28.0
23-22,1806.571568,62.5,106.0,27.5
23-22,1855.035357,62.5,106.0,27.5
23-22,1902.889539,62.5,106.0,27.5
23-22,1957.144599,62.5,106.0,27.5
23-22,1998.597903,62.5,106.0,27.5
23-22,2046.756889,62.0,106.0,28.0
23-22,2093.391856,62.0,106.0,28.0
23-22,2140.026823,62.0,109.0,28.0
23-22,2174.164838,61.5,112.0,28.5
23-22,2219.58059,61.25,111.0,28.75
23-22,2276.578883,60.5,110.0,29.5
23-22,2324.737869,60.0,111.0,30.0
23-22,2379.602536,60.0,113.0,30.0
23-22,2457.022677,60.5,111.0,29.5
23-22,2530.785174,62.0,110.0,28.0
23-22,2808.156547,63.0,115.0,27.0
23-22,2869.422092,63.0,115.0,27.0
86-21,0.0,90.0,0.0,0.0
86-21,182.8822238,88.45,261.71,1.55
86-21,215.4962204,87.5,322.0,2.5
86-21,274.9329432,86.75,291.0,3.25
86-21,303.8892953,87.75,284.0,2.25
86-21,356.9251402,89.0,298.0,1.0
86-21,403.864911,88.0,120.0,2.0
86-21,422.7627408,86.5,127.0,3.5
86-21,431.906852,85.5,127.0,4.5
86-21,450.8046818,84.25,119.0,5.75
86-21,469.7025116,83.25,108.0,6.75
86-21,487.6859303,82.08,101.44,7.92
86-21,523.9575713,80.5,107.0,9.5
86-21,542.8554011,80.25,101.0,9.75
86-21,605.3401609,78.75,104.0,11.25
86-21,683.0651061,78.75,109.0,11.25
86-21,929.6513046,78.88,114.05,11.12
86-21,1097.293343,79.98,116.92,10.02
86-21,1341.136308,79.28999999999999,110.45,10.71
86-21,1368.568642,78.12,106.0,11.88
86-21,1402.09705,76.63,103.38,13.37
86-21,1432.57742,75.2,103.7,14.8
86-21,1463.057791,73.76,104.0,16.24
86-21,1478.297976,72.74,104.0,17.26
86-21,1493.538161,71.52,104.0,18.48
86-21,1536.515484,70.5,102.0,19.5
86-21,1574.920751,69.5,104.0,20.5
86-21,1634.357474,70.52,103.74,19.48
